CVE,Mentions
CVE-2025-66376,3
CVE-2026-8496,1
CVE-2026-58593,1
CVE-2026-55255,1
CVE-2026-50751,1
CVE-2026-48294,1
CVE-2026-4681,1
CVE-2026-46331,1
CVE-2026-43503,1
CVE-2026-43500,1
CVE-2026-43284,1
CVE-2026-40217,1
CVE-2026-39808,1
CVE-2026-35029,1
CVE-2026-33017,1
CVE-2026-32194,1
CVE-2026-32191,1
CVE-2026-31431,1
CVE-2026-25589,1
CVE-2026-25243,1
CVE-2026-25089,1
CVE-2026-21385,1
CVE-2026-16232,1
CVE-2026-15410,1
CVE-2026-15409,1
CVE-2026-12569,1
CVE-2026-0770,1
CVE-2025-56383,1
CVE-2025-49113,1
CVE-2025-3248,1
CVE-2024-6587,1
CVE-2024-24919,1
CVE-2021-32305,1
CVE-2021-31755,1
CVE-2021-24139,1
CVE-2018-11511,1
CVE-2016-3714,1
